<?xml version="1.0" encoding="UTF-8"?>
<project-private xmlns="http://www.netbeans.org/ns/project-private/1">
    <editor-bookmarks xmlns="http://www.netbeans.org/ns/editor-bookmarks/2" lastBookmarkId="0"/>
    <open-files xmlns="http://www.netbeans.org/ns/projectui-open-files/2">
        <group>
            <file>file:/C:/Users/MIRIAM/Desktop/archivos%20D-S-M/ARCHIVOS%20DIEGO/DFPO-2019-2/EDA%2019-2/edajava-master/src/evaluaciones/parcial_2019_2/Pregunta2.java</file>
            <file>file:/C:/Users/MIRIAM/Desktop/archivos%20D-S-M/ARCHIVOS%20DIEGO/DFPO-2019-2/EDA%2019-2/edajava-master/src/evaluaciones/parcial_2019_2/Articulo.java</file>
            <file>file:/C:/Users/MIRIAM/Desktop/archivos%20D-S-M/ARCHIVOS%20DIEGO/DFPO-2019-2/EDA%2019-2/edajava-master/src/evaluaciones/parcial_2019_2/Pregunta3.java</file>
            <file>file:/C:/Users/MIRIAM/Desktop/archivos%20D-S-M/ARCHIVOS%20DIEGO/DFPO-2019-2/EDA%2019-2/edajava-master/src/evaluaciones/parcial_2019_2/Pregunta1.java</file>
        </group>
    </open-files>
</project-private>
